,Test,BTC_MAE,BTC_MSE,BTC_RMSE,BTC_Score
0,Linear regression,27.928625742594402,1224.8988509571739,34.998554983844315,0.6946218166135969
1,Bayesian Ridge,23.787638555915795,915.2201770643007,30.25260612020559,0.7718274657110851
2,Elastic Net CV,25.73330855576483,1180.2514033696098,34.35478719726859,0.7057528225954179
3,Random Forest,35.71900490208829,1896.5925136134094,43.54988534558282,0.5271626094032766
4,Xgboost regression,20.287459070032295,709.2588981894522,26.63191503045645,0.8231754452945361
5,NN regression,25.686273059549297,1164.3414328327885,34.12244763836247,0.709719319826164
